residue,15N,1H,intensity,titrant,visible
68,121.764,8.052,3064283,0,200
69,125.423,8.537,1903523,0,200
70,126.305,8.438,3396258,0,200
71,124.209,8.308,1754156,0,200
72,123.059,8.423,3252470,0,200
73,116.801,8.231,2561434,0,200
74,119.927,7.608,4395260,0,200
75,124.254,8.74,2997780,0,200
76,120.834,7.907,5259510,0,200
77,123.819,8.354,4137816,0,200
78,122.233,8.201,3227099,0,200
79,124.153,9.154,3660099,0,200
80,125.727,8.426,2101838,0,200
81,121.552,7.745,4307586,0,200
83,115.709,2.828,2034976,0,200
84,118.492,8.121,3667956,0,200
85,122.136,9.353,4319395,0,200
87,113.998,8.494,4116949,0,200
88,121.826,7.999,3461607,0,200
89,121.484,7.091,5309742,0,200
90,122.915,8.688,4144029,0,200
91,126.259,8.517,5015771,0,200
92,129.292,9.281,5420802,0,200
93,126.288,8.63,5736904,0,200
94,132.101,8.746,5887706,0,200
95,114.626,8.512,3544242,0,200
96,123.049,8.204,4712488,0,200
97,118.227,7.556,6036645,0,200
98,123.886,8.951,4322672,0,200
99,127.753,9.453,3440000,0,200
100,124.719,9.315,3126566,0,200
101,128.53,8.896,3577468,0,200
102,114.038,7.025,2367592,0,200
103,124.261,7.918,3549260,0,200
104,124.487,9.168,2806211,0,200
105,123.927,8.988,3255174,0,200
106,122.568,8.771,3055754,0,200
107,126.208,8.861,2745938,0,200
108,123.418,8.673,4468648,0,200
109,129.186,8.866,3250344,0,200
110,117.254,8.964,1248122,0,200
111,117.042,7.757,2524728,0,200
112,108.821,7.393,3771995,0,200
113,123.137,8.63,3959266,0,200
114,122.136,9.353,4319395,0,200
115,123.301,8.815,2585069,0,200
116,117.096,6.047,869867,0,200
117,120.948,8.9,2949646,0,200
118,123.746,9.139,2238519,0,200
119,120.06,8.318,1873304,0,200
120,129.677,9.511,2104102,0,200
121,124.854,8.795,5672426,0,200
122,122.804,9.322,2141798,0,200
123,123.802,8.797,5072230,0,200
124,127.533,8.308,2847463,0,200
126,122.448,8.324,3483850,0,200
127,114.071,8.056,5481518,0,200
128,121.011,7.361,6893345,0,200
129,128.555,8.649,5000682,0,200
131,116.099,8.244,5129466,0,200
132,108.05,7.914,3787236,0,200
133,123.043,6.822,3463075,0,200
134,121.218,9.055,4460315,0,200
135,114.315,8.31,5616706,0,200
136,115.649,8.722,5258080,0,200
137,127.578,8.481,2577447,0,200
138,123.324,8.809,2725056,0,200
140,118.703,7.961,1953692,0,200
141,108.872,7.757,5638454,0,200
142,119.194,7.452,4815060,0,200
143,135.329,9.325,2928894,0,200
144,124.915,9.174,2997718,0,200
145,128.563,8.674,5900718,0,200
146,123.319,8.924,4175734,0,200
147,107.538,8.456,3133002,0,200
149,120.758,7.933,3955706,0,200
150,124.645,8.755,3493910,0,200
151,124.075,8.48,4756840,0,200
152,126.73,7.737,24958908,0,200
68,121.793,8.054,2422293,17,200
69,125.51,8.535,1243816,17,200
70,126.285,8.439,2402981,17,200
71,124.236,8.315,1909312,17,200
72,123.059,8.423,2506568,17,200
73,116.75,8.229,2053701,17,200
74,119.9,7.601,3212505,17,200
75,124.254,8.74,2961086,17,200
76,120.834,7.907,3346154,17,200
77,123.823,8.349,3943043,17,200
78,122.242,8.203,3162240,17,200
79,124.199,9.164,3084896,17,200
80,125.643,8.422,1794103,17,200
81,121.57,7.746,3848683,17,200
83,115.741,2.822,2035532,17,200
84,118.5,8.128,2965516,17,200
85,122.136,9.353,3144951,17,200
87,113.97,8.493,3979182,17,200
88,121.833,7.997,3554990,17,200
89,121.466,7.089,4939536,17,200
90,122.915,8.688,1938724,17,200
91,126.234,8.52,2746217,17,200
92,129.235,9.275,2844018,17,200
93,126.222,8.635,2222252,17,200
94,132.11,8.747,5116079,17,200
95,114.64,8.514,2296942,17,200
96,123.085,8.205,3212779,17,200
97,118.248,7.559,5418822,17,200
98,123.886,8.951,3739676,17,200
99,127.769,9.453,3179925,17,200
100,124.719,9.315,2775390,17,200
101,128.515,8.897,3122074,17,200
102,114.007,7.021,1719735,17,200
103,124.271,7.917,3660707,17,200
104,124.494,9.189,3053232,17,200
105,123.927,8.988,3183276,17,200
106,122.569,8.77,2949578,17,200
107,126.203,8.854,2776667,17,200
108,123.418,8.673,4319330,17,200
109,129.215,8.863,2791468,17,200
110,117.237,8.969,1227707,17,200
111,117.028,7.754,2378676,17,200
112,108.808,7.392,3532672,17,200
113,123.137,8.63,3346822,17,200
114,122.136,9.353,3144951,17,200
115,123.301,8.815,2762433,17,200
116,117.147,6.057,1003237,17,200
117,120.927,8.898,2645565,17,200
118,123.746,9.139,1665208,17,200
119,120.041,8.318,1818980,17,200
120,129.664,9.513,1920403,17,200
121,124.847,8.789,5119204,17,200
122,122.791,9.318,1740734,17,200
123,123.802,8.797,4476114,17,200
124,127.497,8.314,1508052,17,200
126,122.445,8.325,3522768,17,200
127,114.088,8.052,4491026,17,200
128,120.999,7.353,4898938,17,200
129,128.611,8.668,5629126,17,200
131,116.068,8.238,3984115,17,200
132,108.057,7.912,3570709,17,200
133,123.057,6.826,3133572,17,200
134,121.168,9.051,2784571,17,200
135,114.291,8.316,3651828,17,200
136,115.702,8.72,2187955,17,200
137,127.527,8.482,1956588,17,200
138,123.324,8.809,2517955,17,200
140,118.658,7.96,1941686,17,200
141,108.869,7.755,5864454,17,200
142,119.182,7.453,4960426,17,200
143,135.356,9.323,2401995,17,200
144,124.887,9.182,2220873,17,200
145,128.611,8.668,5629126,17,200
146,123.351,8.922,3883140,17,200
147,107.515,8.45,1879964,17,200
149,120.758,7.933,2827962,17,200
150,124.645,8.755,2318659,17,200
151,124.1,8.477,4449329,17,200
152,126.724,7.736,24335936,17,200
68,121.793,8.054,2100206,20,200
69,125.505,8.546,1338124,20,200
70,126.31,8.441,2134276,20,200
71,124.236,8.315,1855886,20,200
72,123.059,8.423,2285890,20,200
73,116.691,8.23,1771517,20,200
74,119.895,7.601,3138092,20,200
75,124.221,8.758,3202842,20,200
76,120.834,7.907,2973261,20,200
77,123.823,8.349,4119240,20,200
78,122.242,8.203,3447162,20,200
79,124.15,9.164,3059810,20,200
80,125.679,8.418,2074107,20,200
81,121.569,7.745,4326662,20,200
83,115.732,2.824,1979230,20,200
84,118.51,8.124,2975816,20,200
85,122.136,9.353,3108334,20,200
87,113.963,8.493,3666332,20,200
88,121.855,7.996,3396917,20,200
89,121.461,7.09,4843798,20,200
90,122.765,8.68,1840793,20,200
91,126.246,8.523,2333154,20,200
92,129.223,9.273,2602217,20,200
93,126.222,8.635,2099340,20,200
94,132.104,8.75,5036441,20,200
95,114.635,8.522,1882135,20,200
96,123.085,8.205,2798430,20,200
97,118.245,7.56,5848103,20,200
98,123.886,8.951,4053250,20,200
99,127.723,9.459,2651722,20,200
100,124.676,9.316,2902069,20,200
101,128.522,8.901,3271537,20,200
102,114.006,7.02,1737852,20,200
103,124.278,7.922,3229810,20,200
104,124.487,9.186,3229360,20,200
105,123.927,8.988,3297434,20,200
106,122.569,8.77,2951676,20,200
107,126.203,8.854,2809472,20,200
108,123.443,8.669,4263068,20,200
109,129.198,8.865,3075190,20,200
110,117.252,8.969,1124424,20,200
111,117.01,7.757,2186288,20,200
112,108.801,7.39,3725929,20,200
113,123.135,8.63,3602308,20,200
114,122.136,9.353,3108334,20,200
115,123.301,8.815,2520756,20,200
116,117.108,6.048,1016883,20,200
117,120.913,8.898,2637116,20,200
118,123.728,9.13,2161079,20,200
119,120.039,8.313,1938010,20,200
120,129.661,9.511,2040459,20,200
121,124.847,8.789,4546472,20,200
122,122.748,9.324,1508228,20,200
123,123.802,8.797,4246475,20,200
124,127.497,8.314,1151036,20,200
126,122.445,8.325,3351543,20,200
127,114.106,8.052,4204763,20,200
128,120.995,7.353,4592030,20,200
129,128.6,8.669,5845249,20,200
131,116.065,8.239,3794294,20,200
132,108.057,7.912,3874105,20,200
133,123.075,6.828,2974578,20,200
134,121.161,9.05,2602880,20,200
135,114.283,8.317,3393456,20,200
136,115.7,8.724,2305908,20,200
137,127.508,8.485,1826338,20,200
138,123.324,8.809,2384248,20,200
140,118.686,7.959,1976317,20,200
141,108.869,7.755,5415614,20,200
142,119.18,7.454,4726970,20,200
143,135.362,9.324,2480899,20,200
144,124.89,9.184,2119429,20,200
145,128.6,8.669,5845249,20,200
146,123.351,8.922,3782066,20,200
147,107.515,8.45,1445524,20,200
149,120.758,7.933,2601247,20,200
150,124.645,8.755,2483109,20,200
151,124.1,8.477,4515054,20,200
152,126.725,7.737,24486850,20,200
68,121.817,8.066,2081196,50,200
69,125.733,8.562,580296,50,200
70,126.445,8.446,1234988,50,200
71,124.236,8.315,1478812,50,200
72,123.059,8.423,1312774,50,200
73,116.691,8.23,1187471,50,200
74,119.831,7.597,2378564,50,200
75,124.221,8.758,3027429,50,200
76,120.786,7.902,1632657,50,200
77,123.823,8.349,3254391,50,200
78,122.248,8.204,3113256,50,200
79,124.109,9.163,2248813,50,200
80,125.624,8.418,1626872,50,200
81,122.288,7.75,637842,50,200
83,115.723,2.823,1856860,50,200
84,118.513,8.128,2849631,50,200
85,122.038,9.345,2836612,50,200
87,113.94,8.493,3603050,50,200
88,121.87,7.991,2837784,50,200
89,121.43,7.089,4476324,50,200
90,122.533,8.667,848892,50,200
91,126.25,8.523,803358,50,200
92,129.152,9.269,1075234,50,200
93,126.134,8.641,629869,50,200
94,132.1,8.755,3911568,50,200
95,114.949,8.535,853204,50,200
96,123.953,8.209,780726,50,200
97,118.287,7.562,4874198,50,200
98,123.886,8.951,3514504,50,200
99,127.699,9.463,2477687,50,200
100,124.677,9.311,2629990,50,200
101,128.52,8.902,2886528,50,200
102,113.9,7.018,1373069,50,200
103,124.246,7.923,2864819,50,200
104,124.487,9.186,2814711,50,200
105,123.927,8.988,2642436,50,200
106,122.569,8.77,3104901,50,200
107,126.181,8.851,2518052,50,200
108,123.443,8.669,3624931,50,200
109,129.211,8.861,2925738,50,200
110,117.169,8.972,1007770,50,200
111,117.011,7.751,2292352,50,200
112,108.801,7.39,3066249,50,200
113,123.135,8.63,2498570,50,200
114,122.136,9.386,1992260,50,200
115,123.301,8.815,2540652,50,200
116,117.108,6.048,1023840,50,200
117,120.906,8.893,2448894,50,200
118,123.737,9.13,2087660,50,200
119,120.007,8.311,1577970,50,200
120,129.658,9.518,1968960,50,200
121,124.847,8.789,3549038,50,200
122,122.642,9.324,1340600,50,200
123,123.726,8.793,4324956,50,200
124,127.269,8.321,388691,50,200
126,122.445,8.325,3409806,50,200
127,114.322,7.938,443979,50,200
128,120.954,7.344,3541771,50,200
129,128.638,8.675,5102546,50,200
131,116.065,8.239,2361858,50,200
132,108.35,8.006,533632,50,200
133,123.139,6.827,2540498,50,200
134,121.026,9.037,1018414,50,200
135,114.258,8.33,2489140,50,200
136,116.293,8.727,323868,50,200
137,127.436,8.493,1225382,50,200
138,123.324,8.809,2479647,50,200
140,118.667,7.954,1500238,50,200
141,108.869,7.755,4773678,50,200
142,119.178,7.454,4835660,50,200
143,135.413,9.35,1185359,50,200
144,124.89,9.184,1123798,50,200
145,128.638,8.675,5102546,50,200
146,123.351,8.922,3419803,50,200
147,111.45,8.204,398848,50,200
149,120.736,7.935,1430200,50,200
150,124.645,8.755,1833246,50,200
151,124.1,8.477,4522136,50,200
152,126.715,7.736,23816030,50,200
68,121.831,8.085,993405,100,200
69,125.733,8.562,151529,100,200
70,126.697,8.474,952951,100,200
71,124.668,8.31,840714,100,200
72,123.091,8.457,896799,100,200
73,116.691,8.23,292958,100,200
74,119.735,7.573,1497205,100,200
75,124.088,8.75,2783305,100,200
76,120.819,7.826,854134,100,200
77,123.938,8.352,2655130,100,200
78,122.248,8.204,1964228,100,200
79,123.91,9.181,1325641,100,200
80,125.552,8.416,1102042,100,200
81,121.58,7.753,2623986,100,200
83,115.839,2.821,1474577,100,200
84,118.533,8.137,1893354,100,200
85,121.975,9.323,2064786,100,200
87,113.852,8.489,2999947,100,200
88,121.901,7.991,2132278,100,200
89,121.391,7.088,3771109,100,200
90,122.533,8.667,146038,100,200
91,126.25,8.523,156788,100,200
92,128.819,9.241,411548,100,200
93,126.134,8.641,67432,100,200
94,132.064,8.757,3073066,100,200
95,114.782,8.509,472715,100,200
96,124.201,8.21,449476,100,200
97,118.341,7.567,3816012,100,200
98,124.002,8.938,2293679,100,200
99,127.626,9.463,1788485,100,200
100,124.677,9.311,1799221,100,200
101,128.553,8.912,1826398,100,200
102,113.78,7.012,1066434,100,200
103,124.205,7.921,2289687,100,200
104,124.487,9.186,2176366,100,200
105,123.927,8.988,2387898,100,200
106,122.569,8.77,1932690,100,200
107,126.181,8.851,2133109,100,200
108,123.443,8.669,2592963,100,200
109,129.24,8.854,2295743,100,200
110,117.292,8.956,900215,100,200
111,117.032,7.75,1884094,100,200
112,108.742,7.389,2509771,100,200
113,123.141,8.605,1728858,100,200
114,122.166,9.375,1956230,100,200
115,123.301,8.815,1960079,100,200
116,117.032,6.038,553450,100,200
117,120.918,8.892,1807475,100,200
118,123.737,9.13,1830255,100,200
119,120.007,8.311,1436930,100,200
120,129.606,9.529,1347642,100,200
121,125.262,8.754,1035747,100,200
122,122.607,9.323,1337766,100,200
123,123.726,8.793,2946617,100,200
124,127.269,8.321,376683,100,200
126,122.445,8.325,2592646,100,200
127,114.214,8.019,1723768,100,200
128,120.903,7.318,1793438,100,200
129,128.714,8.686,3626168,100,200
131,115.905,8.216,1755354,100,200
132,108.373,7.993,503705,100,200
133,123.252,6.834,2007094,100,200
134,120.794,9.022,575396,100,200
135,114.138,8.341,1278966,100,200
136,115.725,8.759,449313,100,200
137,127.31,8.513,865546,100,200
138,123.324,8.809,1866483,100,200
140,118.667,7.954,648503,100,200
141,108.858,7.747,3955987,100,200
142,119.148,7.453,3763666,100,200
143,135.473,9.345,837120,100,200
144,124.89,9.184,711738,100,200
145,128.714,8.686,3626168,100,200
146,123.451,8.937,2763828,100,200
147,110.954,8.199,420967,100,200
149,120.836,7.898,649345,100,200
150,124.828,8.772,2949292,100,200
151,124.118,8.478,3270672,100,200
152,126.715,7.736,18050032,100,200
68,121.86,8.118,1327430,200,200
69,125.733,8.562,-141108,200,200
70,126.797,8.491,760119,200,200
71,124.283,8.298,1435959,200,200
72,123.053,8.5,1273399,200,200
73,116.691,8.23,-62171,200,200
74,119.561,7.547,1351017,200,200
75,124.088,8.75,2300481,200,200
76,120.726,7.837,633375,200,200
77,124.06,8.361,2674034,200,200
78,122.325,8.211,2313438,200,200
79,123.689,9.201,1251749,200,200
80,125.233,8.412,1007661,200,200
81,122.213,7.764,771607,200,200
83,115.839,2.821,1419739,200,200
84,118.537,8.158,1772847,200,200
85,121.806,9.308,1303194,200,200
87,113.777,8.482,2661431,200,200
88,122.011,7.972,2287575,200,200
89,121.324,7.083,3432634,200,200
90,122.533,8.667,184318,200,200
91,126.25,8.523,215478,200,200
92,129.068,9.244,15340,200,200
93,126.134,8.641,49201,200,200
94,132.034,8.773,2534208,200,200
95,114.949,8.535,170671,200,200
96,123.237,8.206,-188572,200,200
97,118.423,7.582,3666208,200,200
98,124.024,8.944,2482438,200,200
99,127.543,9.478,1710116,200,200
100,124.589,9.326,1438396,200,200
101,128.533,8.931,1751338,200,200
102,113.631,6.962,654956,200,200
103,124.242,7.934,1850693,200,200
104,124.531,9.192,1775048,200,200
105,123.958,8.981,2057031,200,200
106,122.569,8.77,1743673,200,200
107,126.181,8.851,1417288,200,200
108,123.548,8.672,2927904,200,200
109,129.282,8.851,1695448,200,200
110,117.192,8.968,894219,200,200
111,117.032,7.75,1443598,200,200
112,108.678,7.387,2077520,200,200
113,123.066,8.588,1746464,200,200
114,122.191,9.382,1400075,200,200
115,123.301,8.815,1801847,200,200
116,117.032,6.038,518218,200,200
117,120.895,8.874,1527366,200,200
118,123.675,9.118,1842399,200,200
119,119.889,8.303,1174409,200,200
120,129.599,9.528,1111830,200,200
121,124.847,8.789,708088,200,200
122,122.244,9.327,1461215,200,200
123,123.726,8.793,1034621,200,200
124,127.269,8.321,81988,200,200
126,122.447,8.321,2535895,200,200
127,114.301,7.939,848502,200,200
128,120.792,7.271,1516423,200,200
129,128.819,8.699,3372353,200,200
131,115.73,8.189,1585495,200,200
132,108.332,7.992,795192,200,200
133,123.738,6.853,1003225,200,200
134,120.329,8.972,476065,200,200
135,113.997,8.374,1143688,200,200
136,115.74,8.727,-348225,200,200
137,127.36,8.476,26958,200,200
138,123.473,8.787,2686188,200,200
140,118.577,7.901,874732,200,200
141,108.855,7.739,3919858,200,200
142,119.147,7.451,3644108,200,200
143,135.573,9.425,652052,200,200
144,124.89,9.184,136516,200,200
145,128.819,8.699,3372353,200,200
146,123.544,8.937,2753136,200,200
147,107.584,8.466,-30221,200,200
149,120.953,7.905,253183,200,200
150,124.645,8.755,1397266,200,200
151,124.144,8.479,3603736,200,200
152,126.664,7.736,20006284,200,200
68,121.927,8.138,1014174,400,200
69,125.733,8.562,-97216,400,200
70,126.648,8.547,887145,400,200
71,124.314,8.283,1306815,400,200
72,123.053,8.5,601461,400,200
73,115.895,8.15,1364543,400,200
74,119.418,7.521,1420050,400,200
75,123.856,8.722,2075012,400,200
76,120.66,7.773,838315,400,200
77,124.149,8.369,2095500,400,200
78,122.352,8.222,1915238,400,200
79,123.453,9.214,1148391,400,200
80,125.44,8.415,576459,400,200
81,121.72,7.773,1864116,400,200
83,115.891,2.801,1002724,400,200
84,118.555,8.181,1772835,400,200
85,121.708,9.285,1537508,400,200
87,113.66,8.478,2622391,400,200
88,122.068,7.96,1757492,400,200
89,121.249,7.08,2679902,400,200
90,122.533,8.667,-5288,400,200
91,126.25,8.523,366562,400,200
92,127.375,9.178,630361,400,200
93,126.134,8.641,177283,400,200
94,131.968,8.785,1689268,400,200
95,114.949,8.535,-264940,400,200
96,123.237,8.206,-282006,400,200
97,118.485,7.592,3095373,400,200
98,124.107,8.947,2035266,400,200
99,127.415,9.49,1506418,400,200
100,124.539,9.32,1375690,400,200
101,128.566,8.952,1716154,400,200
102,113.614,6.995,769793,400,200
103,124.181,7.951,1690886,400,200
104,124.531,9.192,1584804,400,200
105,123.958,8.981,1395215,400,200
106,122.617,8.758,1918528,400,200
107,126.033,8.848,1488621,400,200
108,123.548,8.672,2356759,400,200
109,129.367,8.844,1586247,400,200
110,117.192,8.968,412936,400,200
111,117,7.736,1723950,400,200
112,108.59,7.386,2301352,400,200
113,123.07,8.57,1955197,400,200
114,122.215,9.384,1121318,400,200
115,122.96,8.75,1858549,400,200
116,117.144,6.049,634692,400,200
117,120.895,8.874,1380420,400,200
118,123.636,9.11,1446161,400,200
119,119.777,8.299,924787,400,200
120,129.52,9.542,1163559,400,200
121,125.113,8.728,1131349,400,200
122,121.984,9.311,1205474,400,200
123,123.726,8.793,897196,400,200
124,127.269,8.321,-230582,400,200
126,122.472,8.32,2304258,400,200
127,114.379,7.952,2011211,400,200
128,120.706,7.238,2250509,400,200
129,128.927,8.723,2952939,400,200
131,115.614,8.136,1721727,400,200
132,108.093,7.93,2206180,400,200
133,123.685,6.852,2095138,400,200
134,120.329,8.972,-128667,400,200
135,113.938,8.422,2064129,400,200
136,115.74,8.727,69499,400,200
137,127.161,8.552,749659,400,200
138,123.37,8.784,2926369,400,200
140,118.484,7.884,804023,400,200
141,108.87,7.737,3925437,400,200
142,119.139,7.455,2933880,400,200
143,135.755,9.38,521771,400,200
144,124.89,9.184,257194,400,200
145,128.927,8.723,2952939,400,200
146,123.636,8.945,2172467,400,200
147,107.584,8.466,-68212,400,200
149,120.942,7.905,216015,400,200
150,124.811,8.738,1969484,400,200
151,124.165,8.479,3301452,400,200
152,126.664,7.736,17654894,400,200
68,121.967,8.161,1198596,600,200
69,125.733,8.562,-75322,600,200
70,126.681,8.579,1262983,600,200
71,124.402,8.279,923641,600,200
72,123.053,8.5,657909,600,200
73,115.88,8.143,1133219,600,200
74,119.335,7.499,1880186,600,200
75,123.842,8.733,1989602,600,200
76,120.633,7.772,861781,600,200
77,124.191,8.364,1898577,600,200
78,122.389,8.221,1664231,600,200
79,123.37,9.222,957922,600,200
80,125.506,8.445,713646,600,200
81,121.707,7.773,2166043,600,200
83,115.935,2.806,1036748,600,200
84,118.568,8.183,1713929,600,200
85,121.608,9.272,1538720,600,200
87,113.644,8.472,2394390,600,200
88,122.119,7.958,1334935,600,200
89,121.215,7.079,2901791,600,200
90,122.533,8.667,275272,600,200
91,126.25,8.523,351917,600,200
92,127.241,9.154,742593,600,200
93,126.134,8.641,132772,600,200
94,131.984,8.795,1317295,600,200
95,114.949,8.535,-212898,600,200
96,123.237,8.206,-11310,600,200
97,118.533,7.595,2838599,600,200
98,124.188,8.947,1710694,600,200
99,127.354,9.494,1579773,600,200
100,124.539,9.32,896881,600,200
101,128.512,8.961,1579754,600,200
102,113.614,6.995,480010,600,200
103,124.194,7.96,1433555,600,200
104,124.531,9.192,1385637,600,200
105,123.958,8.981,1041671,600,200
106,122.617,8.758,2087170,600,200
107,126.033,8.848,1442203,600,200
108,123.605,8.672,2132656,600,200
109,129.367,8.844,1414999,600,200
110,117.263,8.994,868543,600,200
111,116.99,7.735,1214999,600,200
112,108.569,7.382,1469347,600,200
113,123.07,8.57,2165934,600,200
114,122.215,9.384,920958,600,200
115,122.96,8.75,1946076,600,200
116,117.144,6.049,615129,600,200
117,120.88,8.864,1072822,600,200
118,123.611,9.102,1387409,600,200
119,119.636,8.288,855220,600,200
120,129.512,9.55,1007215,600,200
121,125.151,8.702,858706,600,200
122,121.718,9.323,1260817,600,200
123,123.726,8.793,801875,600,200
124,127.269,8.321,-106424,600,200
126,122.445,8.318,2244534,600,200
127,114.432,7.944,1893712,600,200
128,120.672,7.224,2619901,600,200
129,128.927,8.723,2522008,600,200
131,115.562,8.126,2304936,600,200
132,108.106,7.922,1936225,600,200
133,123.75,6.85,2342890,600,200
134,119.199,8.938,791984,600,200
135,113.892,8.442,2190148,600,200
136,115.74,8.727,-60636,600,200
137,127.161,8.552,628286,600,200
138,123.37,8.784,2936396,600,200
140,118.499,7.845,720126,600,200
141,108.863,7.737,3665038,600,200
142,119.122,7.452,2696472,600,200
143,135.756,9.456,1021423,600,200
144,124.89,9.184,117924,600,200
145,128.927,8.723,2522008,600,200
146,123.636,8.945,1919818,600,200
147,107.584,8.466,-85912,600,200
149,120.942,7.905,135022,600,200
150,124.796,8.732,2127728,600,200
151,124.173,8.48,3447720,600,200
152,126.598,7.734,19047358,600,200
68,122.026,8.175,1310048,1000,200
69,125.733,8.562,36528,1000,200
70,126.528,8.587,1142402,1000,200
71,124.402,8.279,1292496,1000,200
72,123.053,8.5,508947,1000,200
73,115.831,8.139,1119892,1000,200
74,119.148,7.461,2667331,1000,200
75,123.842,8.733,2344320,1000,200
76,120.637,7.759,533270,1000,200
77,124.191,8.364,1696805,1000,200
78,122.39,8.222,1540967,1000,200
79,123.292,9.229,1135671,1000,200
80,125.506,8.445,951698,1000,200
81,121.684,7.771,1799274,1000,200
83,115.996,2.799,829601,1000,200
84,118.576,8.189,1472268,1000,200
85,121.506,9.262,1328733,1000,200
87,113.644,8.472,2338720,1000,200
88,122.144,7.951,1224515,1000,200
89,121.182,7.075,2206122,1000,200
90,122.533,8.667,279359,1000,200
91,126.25,8.523,22050,1000,200
92,126.912,9.159,1057442,1000,200
93,126.289,8.58,900883,1000,200
94,131.996,8.801,1434896,1000,200
95,114.949,8.535,-73419,1000,200
96,123.237,8.206,-38408,1000,200
97,118.551,7.599,2995705,1000,200
98,124.188,8.947,1325957,1000,200
99,127.343,9.501,1175366,1000,200
100,124.513,9.33,1088428,1000,200
101,128.534,8.964,1315021,1000,200
102,113.614,6.995,511641,1000,200
103,124.194,7.96,1170185,1000,200
104,124.531,9.192,1221028,1000,200
105,123.958,8.981,1013373,1000,200
106,122.617,8.758,2360138,1000,200
107,125.979,8.843,1083178,1000,200
108,123.605,8.672,1990005,1000,200
109,129.358,8.835,1436268,1000,200
110,117.281,9.004,378987,1000,200
111,116.976,7.734,1227744,1000,200
112,108.569,7.382,1579497,1000,200
113,123.07,8.57,2179389,1000,200
114,122.18,9.386,744020,1000,200
115,122.96,8.75,1521498,1000,200
116,117.144,6.049,369092,1000,200
117,120.912,8.878,879028,1000,200
118,123.611,9.102,930600,1000,200
119,119.602,8.284,762335,1000,200
120,129.444,9.551,868423,1000,200
121,125.151,8.702,1211521,1000,200
122,121.671,9.308,910878,1000,200
123,123.726,8.793,743626,1000,200
124,127.269,8.321,-60325,1000,200
126,122.423,8.317,2024590,1000,200
127,114.455,7.936,2025077,1000,200
128,120.665,7.215,2800098,1000,200
129,128.985,8.733,2554352,1000,200
131,115.514,8.117,2118170,1000,200
132,108.106,7.922,1712329,1000,200
133,123.75,6.85,2198617,1000,200
134,119.166,8.942,1156827,1000,200
135,113.892,8.442,1899817,1000,200
136,115.74,8.727,141617,1000,200
137,127.205,8.568,656597,1000,200
138,123.37,8.784,2136852,1000,200
140,118.438,7.847,766858,1000,200
141,108.863,7.737,3310587,1000,200
142,119.119,7.453,2510424,1000,200
143,135.871,9.458,581048,1000,200
144,124.89,9.184,194437,1000,200
145,128.985,8.733,2554352,1000,200
146,123.636,8.945,1473772,1000,200
147,107.584,8.466,-73015,1000,200
149,120.906,7.895,267341,1000,200
150,124.796,8.732,1992698,1000,200
151,124.173,8.48,3496913,1000,200
152,126.598,7.734,17221318,1000,200
68,122.026,8.175,1289230,1200,200
69,125.733,8.562,113746,1200,200
70,126.528,8.587,890141,1200,200
71,124.402,8.279,922303,1200,200
72,123.053,8.5,684102,1200,200
73,115.831,8.139,1382380,1200,200
74,119.148,7.461,1922736,1200,200
75,123.842,8.733,1924640,1200,200
76,120.637,7.759,728221,1200,200
77,124.191,8.364,1602806,1200,200
78,122.39,8.222,1537206,1200,200
79,123.292,9.229,1195776,1200,200
80,125.506,8.445,1003486,1200,200
81,121.684,7.771,1463795,1200,200
83,115.996,2.799,858236,1200,200
84,118.576,8.189,1342291,1200,200
85,121.506,9.262,1701653,1200,200
87,113.644,8.472,2042504,1200,200
88,122.144,7.951,1412261,1200,200
89,121.182,7.075,2485179,1200,200
90,122.533,8.667,117854,1200,200
91,126.25,8.523,281241,1200,200
92,126.912,9.159,1341158,1200,200
93,126.289,8.58,917665,1200,200
94,131.996,8.801,1301486,1200,200
95,114.949,8.535,-209340,1200,200
96,123.237,8.206,-111801,1200,200
97,118.551,7.599,2845428,1200,200
98,124.188,8.947,1484314,1200,200
99,127.343,9.501,1239876,1200,200
100,124.513,9.33,690598,1200,200
101,128.534,8.964,1229062,1200,200
102,113.614,6.995,267341,1200,200
103,124.194,7.96,1179795,1200,200
104,124.531,9.192,1148445,1200,200
105,123.958,8.981,1119707,1200,200
106,122.617,8.758,2269807,1200,200
107,125.979,8.843,782675,1200,200
108,123.605,8.672,1498723,1200,200
109,129.358,8.835,1251571,1200,200
110,117.281,9.004,315559,1200,200
111,116.976,7.734,668226,1200,200
112,108.569,7.382,1249879,1200,200
113,123.07,8.57,2049216,1200,200
114,122.18,9.386,511331,1200,200
115,122.96,8.75,1356548,1200,200
116,117.144,6.049,497409,1200,200
117,120.912,8.878,791493,1200,200
118,123.611,9.102,812305,1200,200
119,119.602,8.284,798456,1200,200
120,129.444,9.551,613687,1200,200
121,125.151,8.702,1296033,1200,200
122,121.671,9.308,1073590,1200,200
123,123.726,8.793,588633,1200,200
124,127.269,8.321,110725,1200,200
126,122.423,8.317,1991662,1200,200
127,114.455,7.936,1724999,1200,200
128,120.665,7.215,2887043,1200,200
129,128.985,8.733,2265616,1200,200
131,115.514,8.117,1770045,1200,200
132,108.106,7.922,1732192,1200,200
133,123.75,6.85,1926051,1200,200
134,119.166,8.942,1274960,1200,200
135,113.892,8.442,1584669,1200,200
136,115.74,8.727,-263191,1200,200
137,127.205,8.568,586987,1200,200
138,123.37,8.784,2078396,1200,200
140,118.438,7.847,631541,1200,200
141,108.863,7.737,2803394,1200,200
142,119.119,7.453,2239845,1200,200
143,135.871,9.458,865878,1200,200
144,124.89,9.184,327387,1200,200
145,128.985,8.733,2265616,1200,200
146,123.636,8.945,1331576,1200,200
147,107.584,8.466,-167682,1200,200
149,120.906,7.895,-138419,1200,200
150,124.796,8.732,1584824,1200,200
151,124.173,8.48,3169316,1200,200
152,126.598,7.734,13601794,1200,200
